Channel,Current_Budget_Share,Recommended_Budget_Share,Efficiency_Score,Correlation_with_Sales
TV,73.20627998038438,14.163040946579198,0.07459572570938253,0.7822244248616067
Radio,11.582167723370201,65.9437887261232,0.34732122816036026,0.5762225745710553
Newspaper,15.2115522962454,19.893170327297607,0.10477590814164366,0.22829902637616545
